{"stats":{"minecraft:used":{"minecraft:snow_block":2,"minecraft:stone_pickaxe":42,"minecraft:bread":4,"minecraft:wooden_pickaxe":3,"minecraft:dirt":4,"minecraft:crafting_table":1,"minecraft:furnace":1,"minecraft:blast_furnace":1,"minecraft:potato":8},"minecraft:custom":{"minecraft:time_since_rest":3351,"minecraft:sprint_one_cm":58012,"minecraft:damage_taken":350,"minecraft:walk_one_cm":35438,"minecraft:talked_to_villager":2,"minecraft:interact_with_crafting_table":4,"minecraft:fly_one_cm":27009,"minecraft:open_chest":2,"minecraft:play_time":18000,"minecraft:jump":453,"minecraft:time_since_death":18000,"minecraft:sleep_in_bed":2,"minecraft:total_world_time":18000,"minecraft:fall_one_cm":12849},"minecraft:mined":{"minecraft:white_bed":1,"minecraft:furnace":2,"minecraft:red_bed":3,"minecraft:iron_ore":14,"minecraft:smoker":1,"minecraft:blue_ice":2,"minecraft:spruce_log":5,"minecraft:blast_furnace":1,"minecraft:grass_block":2,"minecraft:coal_ore":16,"minecraft:chest":4,"minecraft:dirt_path":1,"minecraft:dirt":1,"minecraft:packed_ice":16,"minecraft:spruce_leaves":6,"minecraft:stone":8,"minecraft:blue_bed":2},"minecraft:crafted":{"minecraft:crafting_table":1,"minecraft:spruce_planks":12,"minecraft:stick":4,"minecraft:wooden_pickaxe":1,"minecraft:stone_pickaxe":1},"minecraft:picked_up":{"minecraft:stick":5,"minecraft:raw_iron":14,"minecraft:smoker":1,"minecraft:potato":32,"minecraft:snow_block":2,"minecraft:spruce_sapling":3,"minecraft:blast_furnace":1,"minecraft:white_bed":1,"minecraft:spruce_log":5,"minecraft:blue_bed":2,"minecraft:red_bed":3,"minecraft:dirt":4,"minecraft:beetroot_seeds":16,"minecraft:blue_ice":1,"minecraft:bread":12,"minecraft:chest":4,"minecraft:coal":26,"minecraft:snowball":17,"minecraft:cobblestone":8,"minecraft:furnace":2}},"DataVersion":3465}