{"stats":{"minecraft:crafted":{"minecraft:acacia_planks":20,"minecraft:crafting_table":1,"minecraft:stick":4,"minecraft:wooden_pickaxe":1,"minecraft:stone_pickaxe":1},"minecraft:custom":{"minecraft:time_since_rest":4069,"minecraft:crouch_one_cm":182,"minecraft:play_time":4069,"minecraft:walk_one_cm":6031,"minecraft:sneak_time":47,"minecraft:jump":54,"minecraft:leave_game":1,"minecraft:time_since_death":4069,"minecraft:total_world_time":4069,"minecraft:interact_with_crafting_table":2,"minecraft:fall_one_cm":687,"minecraft:fly_one_cm":52},"minecraft:used":{"minecraft:cobblestone":3,"minecraft:crafting_table":1,"minecraft:stone_pickaxe":4,"minecraft:wooden_pickaxe":6,"minecraft:coarse_dirt":4},"minecraft:picked_up":{"minecraft:raw_iron":3,"minecraft:stick":1,"minecraft:coarse_dirt":4,"minecraft:acacia_log":5,"minecraft:coal":1,"minecraft:cobblestone":6},"minecraft:mined":{"minecraft:acacia_log":5,"minecraft:coal_ore":1,"minecraft:coarse_dirt":4,"minecraft:acacia_leaves":1,"minecraft:iron_ore":3,"minecraft:stone":6}},"DataVersion":3465}