{"stats":{"minecraft:crafted":{"minecraft:oak_planks":20,"minecraft:crafting_table":1,"minecraft:stick":4,"minecraft:wooden_pickaxe":1,"minecraft:wooden_axe":1},"minecraft:mined":{"minecraft:grass":7,"minecraft:grass_block":2,"minecraft:oak_log":24,"minecraft:dirt":1,"minecraft:oak_leaves":4,"minecraft:crafting_table":3},"minecraft:picked_up":{"minecraft:crafting_table":3,"minecraft:rotten_flesh":2,"minecraft:oak_log":24,"minecraft:dirt":20},"minecraft:used":{"minecraft:wooden_axe":37,"minecraft:cobblestone":2,"minecraft:crafting_table":4,"minecraft:wooden_pickaxe":4,"create:zinc_ore":3},"minecraft:killed":{"minecraft:zombie":2},"minecraft:custom":{"minecraft:time_since_rest":159,"minecraft:deaths":2,"minecraft:sprint_one_cm":24682,"minecraft:play_time":29001,"minecraft:damage_taken":120,"minecraft:walk_one_cm":53588,"minecraft:sneak_time":236,"minecraft:mob_kills":2,"minecraft:jump":132,"minecraft:damage_dealt":400,"minecraft:leave_game":1,"minecraft:time_since_death":27076,"minecraft:sleep_in_bed":1,"minecraft:total_world_time":29001,"minecraft:interact_with_crafting_table":3,"minecraft:fall_one_cm":873,"minecraft:fly_one_cm":24649}},"DataVersion":3465}