{"stats":{"minecraft:crafted":{"minecraft:crafting_table":1,"minecraft:oak_planks":20,"minecraft:stick":4,"minecraft:wooden_axe":1},"minecraft:mined":{"minecraft:oak_log":15,"minecraft:oak_leaves":4,"minecraft:crafting_table":1},"minecraft:picked_up":{"minecraft:crafting_table":1,"minecraft:oak_log":15,"minecraft:dirt":18},"minecraft:used":{"minecraft:wooden_axe":14,"minecraft:crafting_table":1},"minecraft:custom":{"minecraft:jump":51,"minecraft:time_since_rest":5726,"minecraft:walk_one_cm":17516,"minecraft:damage_taken":110,"minecraft:time_since_death":5691,"minecraft:play_time":7616,"minecraft:sprint_one_cm":4046,"minecraft:deaths":2,"minecraft:total_world_time":7616,"minecraft:fall_one_cm":269,"minecraft:interact_with_crafting_table":1,"minecraft:fly_one_cm":465}},"DataVersion":3465}