{"stats":{"minecraft:used":{"minecraft:snow_block":2,"minecraft:stone_pickaxe":5,"minecraft:bread":1,"minecraft:wooden_pickaxe":3,"minecraft:dirt":2,"minecraft:crafting_table":1},"minecraft:custom":{"minecraft:time_since_rest":4834,"minecraft:sprint_one_cm":21628,"minecraft:damage_taken":150,"minecraft:walk_one_cm":4927,"minecraft:talked_to_villager":1,"minecraft:interact_with_crafting_table":3,"minecraft:fly_one_cm":12811,"minecraft:open_chest":1,"minecraft:play_time":6000,"minecraft:jump":119,"minecraft:time_since_death":6000,"minecraft:sleep_in_bed":1,"minecraft:total_world_time":6000,"minecraft:fall_one_cm":4767},"minecraft:mined":{"minecraft:red_bed":2,"minecraft:iron_ore":5,"minecraft:blue_ice":2,"minecraft:spruce_log":5,"minecraft:grass_block":1,"minecraft:chest":2,"minecraft:dirt_path":1,"minecraft:packed_ice":16,"minecraft:spruce_leaves":6,"minecraft:stone":3},"minecraft:crafted":{"minecraft:crafting_table":1,"minecraft:spruce_planks":12,"minecraft:stick":4,"minecraft:wooden_pickaxe":1,"minecraft:stone_pickaxe":1},"minecraft:picked_up":{"minecraft:stick":5,"minecraft:raw_iron":5,"minecraft:potato":12,"minecraft:snow_block":2,"minecraft:spruce_sapling":3,"minecraft:spruce_log":5,"minecraft:red_bed":2,"minecraft:dirt":2,"minecraft:beetroot_seeds":12,"minecraft:blue_ice":1,"minecraft:bread":4,"minecraft:chest":2,"minecraft:coal":9,"minecraft:snowball":11,"minecraft:cobblestone":3}},"DataVersion":3465}