{"stats":{"minecraft:killed":{"minecraft:pig":3},"minecraft:picked_up":{"minecraft:mud":1,"minecraft:crafting_table":2,"minecraft:coarse_dirt":8,"minecraft:stick":1,"minecraft:raw_iron":41,"minecraft:acacia_log":18,"minecraft:gravel":1,"minecraft:porkchop":6,"minecraft:sand":1,"minecraft:dirt":3,"minecraft:acacia_door":21,"minecraft:sugar_cane":6,"minecraft:coal":21,"minecraft:cobblestone":49,"minecraft:furnace":1},"minecraft:mined":{"minecraft:acacia_leaves":1,"minecraft:coarse_dirt":8,"minecraft:furnace":1,"minecraft:mud":1,"minecraft:iron_ore":44,"minecraft:crafting_table":2,"minecraft:grass":1,"minecraft:acacia_log":18,"minecraft:grass_block":1,"minecraft:coal_ore":20,"minecraft:sand":1,"minecraft:gravel":1,"minecraft:acacia_door":17,"minecraft:dirt":2,"minecraft:stone":49,"minecraft:sugar_cane":2},"minecraft:used":{"minecraft:mud":1,"minecraft:acacia_door":22,"minecraft:iron_axe":5,"minecraft:stone_pickaxe":101,"minecraft:wooden_pickaxe":14,"minecraft:stone_axe":28,"minecraft:sand":1,"minecraft:dirt":3,"minecraft:cobblestone":7,"minecraft:crafting_table":4,"minecraft:porkchop":3,"minecraft:furnace":3,"minecraft:coarse_dirt":8},"minecraft:custom":{"minecraft:time_since_rest":12261,"minecraft:interact_with_furnace":9,"minecraft:sprint_one_cm":20509,"minecraft:damage_taken":450,"minecraft:walk_one_cm":26949,"minecraft:mob_kills":3,"minecraft:damage_dealt":300,"minecraft:swim_one_cm":83344,"minecraft:interact_with_crafting_table":10,"minecraft:fly_one_cm":49904,"minecraft:crouch_one_cm":326,"minecraft:play_time":34069,"minecraft:deaths":1,"minecraft:sneak_time":1047,"minecraft:walk_under_water_one_cm":72016,"minecraft:jump":355,"minecraft:leave_game":1,"minecraft:time_since_death":12170,"minecraft:walk_on_water_one_cm":15551,"minecraft:climb_one_cm":367,"minecraft:total_world_time":34069,"minecraft:fall_one_cm":9180},"minecraft:crafted":{"minecraft:iron_axe":1,"minecraft:crafting_table":1,"minecraft:stick":12,"minecraft:iron_pickaxe":1,"minecraft:wooden_pickaxe":1,"minecraft:iron_ingot":6,"minecraft:stone_pickaxe":1,"minecraft:acacia_door":3,"minecraft:furnace":1,"minecraft:acacia_planks":20,"minecraft:stone_axe":1,"minecraft:acacia_boat":1,"minecraft:air":0}},"DataVersion":3465}