{"stats":{"minecraft:killed":{"minecraft:zombie":1,"minecraft:cow":1},"minecraft:used":{"minecraft:iron_shovel":9,"minecraft:snow_block":2,"minecraft:spruce_slab":1,"minecraft:stone_pickaxe":43,"minecraft:ladder":5,"minecraft:baked_potato":6,"minecraft:wooden_pickaxe":3,"minecraft:iron_sword":1,"minecraft:blue_bed":2,"minecraft:dirt":6,"minecraft:crafting_table":2,"minecraft:red_bed":1,"minecraft:blast_furnace":1,"minecraft:snowball":16,"minecraft:smoker":1,"minecraft:iron_axe":21,"minecraft:bread":4,"minecraft:iron_pickaxe":7,"minecraft:spruce_trapdoor":3,"minecraft:furnace":1,"minecraft:potato":8,"minecraft:pumpkin":2},"minecraft:custom":{"minecraft:mob_kills":2,"minecraft:interact_with_crafting_table":15,"minecraft:leave_game":1,"minecraft:time_since_death":30908,"minecraft:sleep_in_bed":3,"minecraft:climb_one_cm":1950,"minecraft:time_since_rest":3585,"minecraft:sprint_one_cm":77550,"minecraft:damage_taken":580,"minecraft:walk_one_cm":45804,"minecraft:damage_dealt":140,"minecraft:talked_to_villager":3,"minecraft:fly_one_cm":38536,"minecraft:open_chest":2,"minecraft:crouch_one_cm":172,"minecraft:play_time":30908,"minecraft:sneak_time":120,"minecraft:jump":625,"minecraft:interact_with_blast_furnace":5,"minecraft:interact_with_smoker":10,"minecraft:total_world_time":30908,"minecraft:fall_one_cm":17624},"minecraft:mined":{"minecraft:white_bed":1,"minecraft:red_bed":3,"minecraft:smoker":2,"minecraft:crafting_table":1,"minecraft:ladder":2,"minecraft:blast_furnace":2,"minecraft:grass_block":4,"minecraft:chest":4,"minecraft:spruce_leaves":6,"minecraft:blue_bed":2,"minecraft:furnace":4,"minecraft:stripped_spruce_wood":4,"minecraft:iron_ore":14,"minecraft:snow":7,"minecraft:blue_ice":3,"minecraft:spruce_log":5,"minecraft:pumpkin":10,"minecraft:grass":1,"minecraft:coal_ore":16,"minecraft:dirt_path":1,"minecraft:dirt":1,"minecraft:packed_ice":17,"minecraft:stone":8,"minecraft:spruce_slab":1},"minecraft:crafted":{"minecraft:crafting_table":1,"minecraft:spruce_planks":36,"minecraft:wooden_pickaxe":1,"minecraft:baked_potato":24,"minecraft:iron_sword":1,"minecraft:air":0,"minecraft:spruce_trapdoor":4,"minecraft:shield":1,"minecraft:iron_axe":1,"minecraft:ladder":3,"minecraft:stick":16,"minecraft:iron_ingot":14,"minecraft:iron_pickaxe":1,"minecraft:stone_pickaxe":1,"minecraft:snow_block":2,"minecraft:iron_shovel":1},"minecraft:picked_up":{"minecraft:crafting_table":1,"minecraft:ladder":2,"minecraft:smoker":2,"minecraft:potato":32,"minecraft:stripped_spruce_wood":4,"minecraft:blue_bed":2,"minecraft:dirt":6,"minecraft:red_bed":3,"minecraft:beef":3,"minecraft:spruce_slab":1,"minecraft:chest":4,"minecraft:furnace":4,"minecraft:stick":5,"minecraft:raw_iron":14,"minecraft:pumpkin":10,"minecraft:snow_block":2,"minecraft:spruce_sapling":3,"minecraft:blast_furnace":2,"minecraft:white_bed":1,"minecraft:spruce_log":5,"minecraft:rotten_flesh":2,"minecraft:beetroot_seeds":16,"minecraft:blue_ice":1,"minecraft:bread":12,"minecraft:coal":47,"minecraft:snowball":24,"minecraft:cobblestone":8}},"DataVersion":3465}