{"stats":{"minecraft:killed":{"minecraft:zombie":2,"minecraft:iron_golem":1},"minecraft:mined":{"minecraft:white_bed":2,"minecraft:crafting_table":3,"minecraft:grass":9,"minecraft:blast_furnace":1,"minecraft:grass_block":2,"minecraft:oak_log":24,"minecraft:dirt":1,"minecraft:tall_grass":1,"minecraft:oak_planks":3,"minecraft:oak_leaves":4},"minecraft:used":{"minecraft:wooden_axe":56,"minecraft:oak_planks":3,"minecraft:wooden_pickaxe":5,"create:zinc_ore":3,"minecraft:cobblestone":2,"minecraft:crafting_table":4},"minecraft:custom":{"minecraft:time_since_rest":5850,"minecraft:sprint_one_cm":38565,"minecraft:damage_taken":120,"minecraft:walk_one_cm":65868,"minecraft:mob_kills":3,"minecraft:damage_dealt":1289,"minecraft:interact_with_crafting_table":3,"minecraft:talked_to_villager":1,"minecraft:fly_one_cm":27772,"minecraft:open_chest":2,"minecraft:play_time":34692,"minecraft:deaths":2,"minecraft:sneak_time":236,"minecraft:jump":181,"minecraft:leave_game":1,"minecraft:time_since_death":32767,"minecraft:sleep_in_bed":1,"minecraft:total_world_time":34692,"minecraft:fall_one_cm":1291},"minecraft:picked_up":{"minecraft:crafting_table":3,"minecraft:oak_log":24,"minecraft:blast_furnace":1,"minecraft:white_bed":2,"minecraft:dirt":20,"minecraft:rotten_flesh":2,"minecraft:iron_ingot":5,"minecraft:poppy":2,"minecraft:oak_planks":3},"minecraft:crafted":{"minecraft:oak_planks":20,"minecraft:crafting_table":1,"minecraft:stick":4,"minecraft:wooden_pickaxe":1,"minecraft:wooden_axe":1}},"DataVersion":3465}