{"stats":{"minecraft:crafted":{"minecraft:oak_planks":20,"minecraft:crafting_table":1,"minecraft:stick":4,"minecraft:wooden_axe":1},"minecraft:mined":{"minecraft:grass":6,"minecraft:oak_log":24,"minecraft:oak_leaves":4,"minecraft:crafting_table":2},"minecraft:picked_up":{"minecraft:crafting_table":2,"minecraft:oak_log":24,"minecraft:dirt":18},"minecraft:used":{"minecraft:wooden_axe":30,"minecraft:crafting_table":2},"minecraft:custom":{"minecraft:time_since_rest":17726,"minecraft:deaths":2,"minecraft:sprint_one_cm":18146,"minecraft:play_time":19616,"minecraft:damage_taken":110,"minecraft:walk_one_cm":35444,"minecraft:jump":99,"minecraft:time_since_death":17691,"minecraft:total_world_time":19616,"minecraft:interact_with_crafting_table":2,"minecraft:fall_one_cm":269,"minecraft:fly_one_cm":5887}},"DataVersion":3465}