{"stats":{"minecraft:dropped":{"minecraft:wheat_seeds":3,"minecraft:beetroot_seeds":3},"minecraft:killed":{"minecraft:zombie":1,"minecraft:cow":1},"minecraft:broken":{"minecraft:stone_pickaxe":1,"minecraft:iron_pickaxe":1},"minecraft:used":{"minecraft:iron_shovel":23,"minecraft:snow_block":2,"minecraft:spruce_slab":1,"minecraft:stone_pickaxe":131,"minecraft:ladder":5,"minecraft:baked_potato":9,"minecraft:chest":4,"minecraft:spruce_planks":3,"minecraft:wooden_pickaxe":33,"minecraft:iron_sword":1,"minecraft:composter":1,"minecraft:blue_bed":2,"minecraft:torch":4,"minecraft:dirt":13,"minecraft:crafting_table":3,"minecraft:red_bed":2,"minecraft:blast_furnace":2,"minecraft:snowball":16,"minecraft:smoker":1,"minecraft:iron_axe":26,"minecraft:bread":4,"minecraft:iron_pickaxe":265,"minecraft:spruce_trapdoor":3,"minecraft:cobblestone":20,"minecraft:furnace":1,"minecraft:potato":8,"minecraft:pumpkin":2},"minecraft:custom":{"minecraft:mob_kills":2,"minecraft:interact_with_crafting_table":17,"minecraft:leave_game":1,"minecraft:time_since_death":54908,"minecraft:sleep_in_bed":4,"minecraft:climb_one_cm":1950,"minecraft:time_since_rest":11148,"minecraft:sprint_one_cm":123067,"minecraft:damage_taken":580,"minecraft:walk_one_cm":64274,"minecraft:drop":6,"minecraft:damage_dealt":140,"minecraft:talked_to_villager":4,"minecraft:fly_one_cm":42601,"minecraft:open_chest":10,"minecraft:crouch_one_cm":7196,"minecraft:play_time":54908,"minecraft:sneak_time":3481,"minecraft:jump":761,"minecraft:interact_with_blast_furnace":9,"minecraft:interact_with_smoker":10,"minecraft:total_world_time":54908,"minecraft:fall_one_cm":18965},"minecraft:mined":{"minecraft:spruce_planks":3,"minecraft:white_bed":1,"minecraft:red_bed":4,"minecraft:smoker":2,"minecraft:crafting_table":2,"minecraft:ladder":2,"minecraft:blast_furnace":2,"minecraft:grass_block":7,"minecraft:chest":4,"minecraft:cobblestone":5,"minecraft:spruce_leaves":6,"minecraft:composter":1,"minecraft:blue_bed":2,"minecraft:furnace":4,"minecraft:carrots":3,"minecraft:stripped_spruce_wood":4,"minecraft:wheat":2,"minecraft:iron_ore":22,"minecraft:snow":10,"minecraft:blue_ice":3,"minecraft:spruce_log":5,"minecraft:pumpkin":10,"minecraft:grass":2,"minecraft:potatoes":11,"minecraft:coal_ore":112,"minecraft:dirt_path":1,"minecraft:dirt":10,"minecraft:packed_ice":17,"minecraft:stone":275,"minecraft:spruce_slab":1},"minecraft:crafted":{"minecraft:crafting_table":1,"minecraft:spruce_planks":36,"minecraft:wooden_pickaxe":1,"minecraft:baked_potato":24,"minecraft:iron_sword":1,"minecraft:air":0,"minecraft:spruce_trapdoor":4,"minecraft:shield":1,"minecraft:iron_axe":1,"minecraft:ladder":3,"minecraft:stick":16,"minecraft:iron_ingot":20,"minecraft:iron_pickaxe":2,"minecraft:stone_pickaxe":1,"minecraft:snow_block":2,"minecraft:iron_shovel":1,"minecraft:torch":4},"minecraft:picked_up":{"minecraft:crafting_table":2,"minecraft:ladder":2,"minecraft:smoker":2,"minecraft:potato":46,"minecraft:stripped_spruce_wood":4,"minecraft:blue_bed":2,"minecraft:dirt":18,"minecraft:red_bed":4,"minecraft:wheat_seeds":3,"minecraft:spruce_planks":3,"minecraft:beef":3,"minecraft:spruce_slab":1,"minecraft:chest":4,"minecraft:furnace":4,"minecraft:stick":5,"minecraft:raw_iron":22,"minecraft:pumpkin":10,"minecraft:composter":1,"minecraft:snow_block":2,"minecraft:carrot":6,"minecraft:spruce_sapling":3,"minecraft:blast_furnace":2,"minecraft:white_bed":1,"minecraft:spruce_log":5,"minecraft:rotten_flesh":2,"minecraft:beetroot_seeds":18,"minecraft:blue_ice":1,"minecraft:bread":12,"minecraft:coal":143,"minecraft:snowball":27,"minecraft:cobblestone":280}},"DataVersion":3465}