{"stats":{"minecraft:picked_up":{"minecraft:crafting_table":2,"minecraft:coarse_dirt":6,"minecraft:stick":1,"minecraft:raw_iron":41,"minecraft:acacia_log":5,"minecraft:gravel":1,"minecraft:dirt":3,"minecraft:acacia_door":21,"minecraft:sugar_cane":3,"minecraft:coal":3,"minecraft:cobblestone":30,"minecraft:furnace":1},"minecraft:used":{"minecraft:acacia_door":22,"minecraft:stone_pickaxe":64,"minecraft:wooden_pickaxe":14,"minecraft:stone_axe":15,"minecraft:dirt":3,"minecraft:cobblestone":7,"minecraft:crafting_table":3,"minecraft:furnace":2,"minecraft:coarse_dirt":6},"minecraft:mined":{"minecraft:acacia_leaves":1,"minecraft:coarse_dirt":6,"minecraft:furnace":1,"minecraft:iron_ore":44,"minecraft:crafting_table":2,"minecraft:grass":1,"minecraft:acacia_log":5,"minecraft:grass_block":1,"minecraft:coal_ore":2,"minecraft:gravel":1,"minecraft:acacia_door":17,"minecraft:dirt":2,"minecraft:stone":30,"minecraft:sugar_cane":1},"minecraft:custom":{"minecraft:time_since_rest":261,"minecraft:interact_with_furnace":4,"minecraft:sprint_one_cm":932,"minecraft:damage_taken":250,"minecraft:walk_one_cm":22741,"minecraft:swim_one_cm":75917,"minecraft:interact_with_crafting_table":6,"minecraft:fly_one_cm":557,"minecraft:crouch_one_cm":326,"minecraft:play_time":22069,"minecraft:deaths":1,"minecraft:sneak_time":902,"minecraft:walk_under_water_one_cm":35366,"minecraft:jump":162,"minecraft:leave_game":1,"minecraft:time_since_death":170,"minecraft:walk_on_water_one_cm":6474,"minecraft:total_world_time":22069,"minecraft:fall_one_cm":3053},"minecraft:crafted":{"minecraft:crafting_table":1,"minecraft:stick":8,"minecraft:wooden_pickaxe":1,"minecraft:iron_ingot":3,"minecraft:stone_pickaxe":1,"minecraft:acacia_door":3,"minecraft:furnace":1,"minecraft:acacia_planks":20,"minecraft:stone_axe":1,"minecraft:air":0}},"DataVersion":3465}