{"stats":{"minecraft:killed":{"minecraft:zombie":2,"minecraft:chicken":1,"minecraft:iron_golem":1},"minecraft:mined":{"farmersdelight:onions":1,"minecraft:white_bed":3,"minecraft:carrots":1,"minecraft:wheat":6,"minecraft:crafting_table":4,"minecraft:grass":100,"minecraft:blast_furnace":1,"minecraft:coal_ore":9,"minecraft:potatoes":2,"minecraft:grass_block":3,"minecraft:oak_log":24,"minecraft:dirt":1,"minecraft:copper_ore":8,"farmersdelight:budding_tomatoes":1,"minecraft:tall_grass":11,"minecraft:stone":4,"minecraft:oak_planks":14,"minecraft:oak_leaves":4},"minecraft:used":{"farmersdelight:iron_knife":85,"minecraft:wooden_axe":57,"minecraft:iron_pickaxe":18,"minecraft:oak_planks":68,"minecraft:wooden_pickaxe":9,"create:zinc_ore":3,"minecraft:stone_axe":11,"farmersdelight:onion":3,"minecraft:cobblestone":2,"minecraft:crafting_table":6,"minecraft:white_bed":2,"minecraft:potato":2,"farmersdelight:tomato_seeds":7},"minecraft:custom":{"minecraft:time_since_rest":4544,"minecraft:sprint_one_cm":79252,"minecraft:damage_taken":120,"minecraft:walk_one_cm":90958,"minecraft:mob_kills":4,"minecraft:damage_dealt":1329,"minecraft:interact_with_crafting_table":8,"minecraft:talked_to_villager":2,"minecraft:fly_one_cm":35639,"minecraft:open_chest":2,"minecraft:play_time":46692,"minecraft:deaths":2,"minecraft:sneak_time":236,"minecraft:walk_under_water_one_cm":65,"minecraft:jump":257,"minecraft:leave_game":1,"minecraft:walk_on_water_one_cm":888,"minecraft:time_since_death":44767,"minecraft:sleep_in_bed":2,"minecraft:total_world_time":46692,"minecraft:fall_one_cm":2396},"minecraft:picked_up":{"minecraft:crafting_table":4,"minecraft:wheat":6,"minecraft:feather":1,"minecraft:chicken":1,"minecraft:potato":2,"farmersdelight:tomato_seeds":1,"minecraft:oak_log":24,"minecraft:blast_furnace":1,"minecraft:white_bed":3,"minecraft:carrot":1,"minecraft:dirt":21,"minecraft:raw_copper":23,"minecraft:rotten_flesh":2,"farmersdelight:onion":1,"minecraft:wheat_seeds":30,"minecraft:iron_ingot":5,"farmersdelight:straw":19,"minecraft:poppy":2,"minecraft:oak_planks":14,"minecraft:coal":9,"minecraft:cobblestone":4},"minecraft:crafted":{"minecraft:oak_planks":96,"minecraft:crafting_table":2,"farmersdelight:iron_knife":1,"minecraft:stick":8,"minecraft:iron_pickaxe":1,"minecraft:wooden_pickaxe":1,"minecraft:wooden_axe":1,"farmersdelight:rope":16,"minecraft:lead":2,"minecraft:stone_axe":1}},"DataVersion":3465}