{"stats":{"minecraft:picked_up":{"minecraft:crafting_table":1,"minecraft:coarse_dirt":6,"minecraft:stick":1,"minecraft:raw_iron":12,"minecraft:acacia_log":5,"minecraft:dirt":3,"minecraft:acacia_door":2,"minecraft:sugar_cane":3,"minecraft:coal":3,"minecraft:cobblestone":19,"minecraft:furnace":1},"minecraft:used":{"minecraft:acacia_door":3,"minecraft:stone_pickaxe":20,"minecraft:wooden_pickaxe":14,"minecraft:dirt":3,"minecraft:cobblestone":6,"minecraft:crafting_table":1,"minecraft:furnace":1,"minecraft:coarse_dirt":6},"minecraft:mined":{"minecraft:acacia_leaves":1,"minecraft:coarse_dirt":6,"minecraft:furnace":1,"minecraft:iron_ore":12,"minecraft:crafting_table":1,"minecraft:grass":1,"minecraft:acacia_log":5,"minecraft:grass_block":1,"minecraft:coal_ore":2,"minecraft:acacia_door":2,"minecraft:dirt":2,"minecraft:stone":19,"minecraft:sugar_cane":1},"minecraft:custom":{"minecraft:time_since_rest":10069,"minecraft:interact_with_furnace":3,"minecraft:sprint_one_cm":125,"minecraft:damage_taken":80,"minecraft:walk_one_cm":22023,"minecraft:swim_one_cm":6305,"minecraft:interact_with_crafting_table":4,"minecraft:fly_one_cm":106,"minecraft:crouch_one_cm":326,"minecraft:play_time":10069,"minecraft:sneak_time":297,"minecraft:walk_under_water_one_cm":3889,"minecraft:jump":119,"minecraft:leave_game":1,"minecraft:time_since_death":10069,"minecraft:walk_on_water_one_cm":2504,"minecraft:total_world_time":10069,"minecraft:fall_one_cm":3053},"minecraft:crafted":{"minecraft:crafting_table":1,"minecraft:stick":4,"minecraft:wooden_pickaxe":1,"minecraft:iron_ingot":3,"minecraft:stone_pickaxe":1,"minecraft:acacia_door":3,"minecraft:furnace":1,"minecraft:acacia_planks":20,"minecraft:air":0}},"DataVersion":3465}