{"stats":{"minecraft:crafted":{"minecraft:oak_planks":20,"minecraft:crafting_table":2,"minecraft:stick":8,"minecraft:iron_ingot":8,"minecraft:wooden_pickaxe":1,"minecraft:iron_pickaxe":1,"minecraft:stone_pickaxe":1,"minecraft:furnace":1,"minecraft:air":0},"minecraft:mined":{"minecraft:iron_ore":8,"minecraft:crafting_table":1,"minecraft:stone_brick_stairs":2,"minecraft:grass":6,"minecraft:oak_log":5,"minecraft:coal_ore":5,"minecraft:stone_slab":1,"minecraft:stone":11,"minecraft:netherrack":15,"minecraft:oak_leaves":2},"minecraft:picked_up":{"minecraft:crafting_table":1,"minecraft:raw_iron":8,"minecraft:stone_slab":1,"minecraft:stone_brick_stairs":2,"minecraft:oak_log":5,"minecraft:rotten_flesh":1,"minecraft:apple":1,"minecraft:oak_sapling":2,"minecraft:netherrack":15,"minecraft:coal":5,"minecraft:cobblestone":11},"minecraft:custom":{"minecraft:time_since_rest":10734,"minecraft:interact_with_furnace":2,"minecraft:sprint_one_cm":11062,"minecraft:damage_taken":50,"minecraft:walk_one_cm":34708,"minecraft:fly_one_cm":2147,"minecraft:interact_with_crafting_table":5,"minecraft:open_chest":1,"minecraft:crouch_one_cm":657,"minecraft:play_time":10734,"minecraft:sneak_time":158,"minecraft:jump":102,"minecraft:leave_game":2,"minecraft:time_since_death":10734,"minecraft:total_world_time":10734,"minecraft:fall_one_cm":1208},"minecraft:used":{"minecraft:stone_pickaxe":25,"minecraft:stone_slab":1,"minecraft:wooden_pickaxe":17,"minecraft:stone_brick_stairs":2,"minecraft:netherrack":13,"minecraft:crafting_table":3,"minecraft:oak_sapling":2,"minecraft:furnace":1}},"DataVersion":3465}