{"stats":{"minecraft:killed":{"minecraft:pig":1,"minecraft:iron_golem":1,"minecraft:zombie":2,"minecraft:chicken":2},"minecraft:dropped":{"minecraft:wheat_seeds":1,"minecraft:hay_block":1,"farmersdelight:rope":16},"minecraft:mined":{"farmersdelight:onions":1,"minecraft:white_bed":4,"minecraft:oak_fence":4,"minecraft:crafting_table":5,"minecraft:blast_furnace":1,"minecraft:grass_block":3,"minecraft:cobblestone":2,"minecraft:tall_grass":16,"farmersdelight:budding_tomatoes":1,"minecraft:copper_ore":8,"minecraft:oak_planks":14,"minecraft:hay_block":13,"minecraft:carrots":2,"minecraft:wheat":9,"minecraft:grass":108,"minecraft:oak_log":28,"minecraft:potatoes":2,"minecraft:coal_ore":9,"farmersdelight:rope":21,"minecraft:beetroots":1,"minecraft:oak_fence_gate":1,"minecraft:dirt":1,"minecraft:stone":4,"minecraft:oak_leaves":7},"minecraft:used":{"minecraft:beetroot":1,"minecraft:oak_fence":26,"farmersdelight:iron_knife":111,"minecraft:oak_planks":70,"minecraft:wooden_pickaxe":9,"farmersdelight:onion":3,"minecraft:dirt":3,"minecraft:crafting_table":6,"minecraft:white_bed":14,"minecraft:oak_fence_gate":1,"farmersdelight:rope":21,"minecraft:wooden_axe":57,"minecraft:iron_pickaxe":20,"create:zinc_ore":3,"minecraft:stone_axe":29,"minecraft:cobblestone":5,"minecraft:egg":1,"minecraft:potato":2,"farmersdelight:tomato_seeds":7},"minecraft:custom":{"minecraft:mob_kills":7,"minecraft:animals_bred":4,"minecraft:interact_with_crafting_table":12,"minecraft:bell_ring":39,"minecraft:leave_game":1,"minecraft:time_since_death":68767,"minecraft:sleep_in_bed":3,"minecraft:climb_one_cm":408,"minecraft:time_since_rest":15230,"minecraft:sprint_one_cm":102754,"minecraft:damage_taken":170,"minecraft:walk_one_cm":187617,"minecraft:drop":3,"minecraft:damage_dealt":1493,"minecraft:talked_to_villager":2,"minecraft:fly_one_cm":41806,"minecraft:open_chest":2,"minecraft:crouch_one_cm":91,"minecraft:play_time":70692,"minecraft:deaths":2,"minecraft:sneak_time":300,"minecraft:walk_under_water_one_cm":65,"minecraft:jump":362,"minecraft:walk_on_water_one_cm":888,"minecraft:total_world_time":70692,"minecraft:fall_one_cm":2814},"minecraft:picked_up":{"minecraft:crafting_table":5,"minecraft:wheat":8,"minecraft:feather":3,"minecraft:chicken":2,"minecraft:lead":7,"minecraft:potato":2,"minecraft:oak_log":28,"minecraft:dirt":21,"minecraft:raw_copper":23,"minecraft:beetroot":1,"minecraft:wheat_seeds":38,"minecraft:oak_fence_gate":1,"minecraft:iron_ingot":5,"farmersdelight:straw":22,"minecraft:poppy":2,"minecraft:oak_planks":14,"minecraft:egg":2,"minecraft:oak_fence":4,"minecraft:porkchop":2,"farmersdelight:tomato_seeds":1,"minecraft:blast_furnace":1,"minecraft:white_bed":4,"minecraft:carrot":3,"minecraft:rotten_flesh":4,"minecraft:beetroot_seeds":2,"farmersdelight:onion":1,"minecraft:hay_block":14,"farmersdelight:rope":37,"minecraft:oak_sapling":1,"minecraft:coal":9,"minecraft:cobblestone":6},"minecraft:crafted":{"minecraft:oak_planks":112,"minecraft:crafting_table":2,"farmersdelight:iron_knife":1,"minecraft:wooden_pickaxe":1,"farmersdelight:rope":16,"minecraft:stone_axe":1,"minecraft:oak_fence_gate":1,"minecraft:stick":28,"minecraft:iron_pickaxe":1,"minecraft:wooden_axe":1,"minecraft:oak_fence":21,"minecraft:lead":2,"minecraft:wheat":117}},"DataVersion":3465}